Position,Name + ID,Name,ID,Roster Position,Salary,Game Info,TeamAbbrev,AvgPointsPerGame
RB,Christian McCaffrey (13533725),Christian McCaffrey,13533725,RB/FLEX,8600,CAR@TB 10/13/2019 09:30AM ET,CAR,33.72
RB,Ezekiel Elliott (13533727),Ezekiel Elliott,13533727,RB/FLEX,8500,DAL@NYJ 10/13/2019 04:25PM ET,DAL,17.96
RB,Dalvin Cook (13533729),Dalvin Cook,13533729,RB/FLEX,8400,PHI@MIN 10/13/2019 01:00PM ET,MIN,27.24
RB,Alvin Kamara (13533731),Alvin Kamara,13533731,RB/FLEX,8000,NO@JAX 10/13/2019 01:00PM ET,NO,19.36
WR,Julio Jones (13533971),Julio Jones,13533971,WR/FLEX,8000,ATL@ARI 10/13/2019 04:05PM ET,ATL,18.4
WR,Michael Thomas (13533973),Michael Thomas,13533973,WR/FLEX,7800,NO@JAX 10/13/2019 01:00PM ET,NO,24.66
RB,David Johnson (13533733),David Johnson,13533733,RB/FLEX,7600,ATL@ARI 10/13/2019 04:05PM ET,ARI,18.62
QB,Patrick Mahomes (13533653),Patrick Mahomes,13533653,QB,7500,HOU@KC 10/13/2019 01:00PM ET,KC,27.87
WR,Davante Adams (13533975),Davante Adams,13533975,WR/FLEX,7500,DET@GB 10/14/2019 08:15PM ET,GB,17.2
WR,DeAndre Hopkins (13533977),DeAndre Hopkins,13533977,WR/FLEX,7400,HOU@KC 10/13/2019 01:00PM ET,HOU,15.94
RB,Nick Chubb (13533735),Nick Chubb,13533735,RB/FLEX,7300,SEA@CLE 10/13/2019 01:00PM ET,CLE,20.32
WR,Cooper Kupp (13533979),Cooper Kupp,13533979,WR/FLEX,7100,SF@LAR 10/13/2019 04:05PM ET,LAR,25.58
RB,Saquon Barkley (13533737),Saquon Barkley,13533737,RB/FLEX,7000,NYG@NE 10/10/2019 08:20PM ET,NYG,18.03
TE,Travis Kelce (13534307),Travis Kelce,13534307,TE/FLEX,7000,HOU@KC 10/13/2019 01:00PM ET,KC,16.18
WR,Amari Cooper (13533983),Amari Cooper,13533983,WR/FLEX,7000,DAL@NYJ 10/13/2019 04:25PM ET,DAL,23.84
WR,Keenan Allen (13533981),Keenan Allen,13533981,WR/FLEX,7000,PIT@LAC 10/13/2019 08:20PM ET,LAC,21.86
WR,Julian Edelman (13533989),Julian Edelman,13533989,WR/FLEX,6900,NYG@NE 10/10/2019 08:20PM ET,NE,15.96
WR,Mike Evans (13533987),Mike Evans,13533987,WR/FLEX,6900,CAR@TB 10/13/2019 09:30AM ET,TB,16.36
QB,Lamar Jackson (13533654),Lamar Jackson,13533654,QB,6900,CIN@BAL 10/13/2019 01:00PM ET,BAL,26.53
WR,Tyreek Hill (13533985),Tyreek Hill,13533985,WR/FLEX,6900,HOU@KC 10/13/2019 01:00PM ET,KC,4.1
QB,Tom Brady (13533656),Tom Brady,13533656,QB,6800,NYG@NE 10/10/2019 08:20PM ET,NE,21.81
WR,Odell Beckham Jr. (13533991),Odell Beckham Jr.,13533991,WR/FLEX,6800,SEA@CLE 10/13/2019 01:00PM ET,CLE,13.36
WR,Chris Godwin (13533995),Chris Godwin,13533995,WR/FLEX,6700,CAR@TB 10/13/2019 09:30AM ET,TB,25.82
RB,Leonard Fournette (13533739),Leonard Fournette,13533739,RB/FLEX,6700,NO@JAX 10/13/2019 01:00PM ET,JAX,19.3
QB,Deshaun Watson (13533655),Deshaun Watson,13533655,QB,6700,HOU@KC 10/13/2019 01:00PM ET,HOU,26.35
WR,Adam Thielen (13533993),Adam Thielen,13533993,WR/FLEX,6700,PHI@MIN 10/13/2019 01:00PM ET,MIN,16.8
RB,Mark Ingram II (13533741),Mark Ingram II,13533741,RB/FLEX,6600,CIN@BAL 10/13/2019 01:00PM ET,BAL,19.18
QB,Russell Wilson (13533657),Russell Wilson,13533657,QB,6600,SEA@CLE 10/13/2019 01:00PM ET,SEA,26.67
WR,A.J. Green (13533997),A.J. Green,13533997,WR/FLEX,6500,CIN@BAL 10/13/2019 01:00PM ET,CIN,0
QB,Kyler Murray (13533658),Kyler Murray,13533658,QB,6500,ATL@ARI 10/13/2019 04:05PM ET,ARI,21.51
RB,Aaron Jones (13533743),Aaron Jones,13533743,RB/FLEX,6500,DET@GB 10/14/2019 08:15PM ET,GB,23.64
WR,Tyler Lockett (13533999),Tyler Lockett,13533999,WR/FLEX,6400,SEA@CLE 10/13/2019 01:00PM ET,SEA,17.62
QB,Matt Ryan (13533659),Matt Ryan,13533659,QB,6400,ATL@ARI 10/13/2019 04:05PM ET,ATL,26.14
RB,Le'Veon Bell (13533747),Le'Veon Bell,13533747,RB/FLEX,6400,DAL@NYJ 10/13/2019 04:25PM ET,NYJ,17.8
RB,Austin Ekeler (13533745),Austin Ekeler,13533745,RB/FLEX,6400,PIT@LAC 10/13/2019 08:20PM ET,LAC,26.26
WR,Josh Gordon (13534003),Josh Gordon,13534003,WR/FLEX,6300,NYG@NE 10/10/2019 08:20PM ET,NE,10.62
WR,Tyler Boyd (13534001),Tyler Boyd,13534001,WR/FLEX,6300,CIN@BAL 10/13/2019 01:00PM ET,CIN,17.98
RB,Melvin Gordon III (13533749),Melvin Gordon III,13533749,RB/FLEX,6300,PIT@LAC 10/13/2019 08:20PM ET,LAC,7.8
QB,Aaron Rodgers (13533660),Aaron Rodgers,13533660,QB,6300,DET@GB 10/14/2019 08:15PM ET,GB,16.30
WR,Marquise Brown (13534007),Marquise Brown,13534007,WR/FLEX,6200,CIN@BAL 10/13/2019 01:00PM ET,BAL,14.92
WR,Sammy Watkins (13534005),Sammy Watkins,13534005,WR/FLEX,6200,HOU@KC 10/13/2019 01:00PM ET,KC,15.9
RB,Todd Gurley II (13533751),Todd Gurley II,13533751,RB/FLEX,6200,SF@LAR 10/13/2019 04:05PM ET,LAR,15.36
QB,Dak Prescott (13533661),Dak Prescott,13533661,QB,6200,DAL@NYJ 10/13/2019 04:25PM ET,DAL,25.29
WR,Larry Fitzgerald (13534009),Larry Fitzgerald,13534009,WR/FLEX,6100,ATL@ARI 10/13/2019 04:05PM ET,ARI,16.56
QB,Jared Goff (13533662),Jared Goff,13533662,QB,6100,SF@LAR 10/13/2019 04:05PM ET,LAR,19.45
RB,Derrick Henry (13533753),Derrick Henry,13533753,RB/FLEX,6100,TEN@DEN 10/13/2019 04:25PM ET,TEN,17.3
RB,Chris Carson (13533755),Chris Carson,13533755,RB/FLEX,6000,SEA@CLE 10/13/2019 01:00PM ET,SEA,16.9
WR,Will Fuller V (13534015),Will Fuller V,13534015,WR/FLEX,6000,HOU@KC 10/13/2019 01:00PM ET,HOU,17.8
WR,Terry McLaurin (13534013),Terry McLaurin,13534013,WR/FLEX,6000,WAS@MIA 10/13/2019 01:00PM ET,WAS,17.7
QB,Carson Wentz (13533663),Carson Wentz,13533663,QB,6000,PHI@MIN 10/13/2019 01:00PM ET,PHI,20.20
WR,Kenny Golladay (13534011),Kenny Golladay,13534011,WR/FLEX,6000,DET@GB 10/14/2019 08:15PM ET,DET,17.58
QB,Jameis Winston (13533664),Jameis Winston,13533664,QB,5900,CAR@TB 10/13/2019 09:30AM ET,TB,20.71
WR,Demarcus Robinson (13534019),Demarcus Robinson,13534019,WR/FLEX,5900,HOU@KC 10/13/2019 01:00PM ET,KC,13.22
WR,Stefon Diggs (13534017),Stefon Diggs,13534017,WR/FLEX,5900,PHI@MIN 10/13/2019 01:00PM ET,MIN,9.66
WR,Alshon Jeffery (13534021),Alshon Jeffery,13534021,WR/FLEX,5800,PHI@MIN 10/13/2019 01:00PM ET,PHI,11.52
RB,Devonta Freeman (13533757),Devonta Freeman,13533757,RB/FLEX,5800,ATL@ARI 10/13/2019 04:05PM ET,ATL,12.6
QB,Philip Rivers (13533665),Philip Rivers,13533665,QB,5800,PIT@LAC 10/13/2019 08:20PM ET,LAC,18.6
QB,Cam Newton (13533667),Cam Newton,13533667,QB,5700,CAR@TB 10/13/2019 09:30AM ET,CAR,11.34
RB,Damien Williams (13533759),Damien Williams,13533759,RB/FLEX,5700,HOU@KC 10/13/2019 01:00PM ET,KC,11.3
WR,DeSean Jackson (13534025),DeSean Jackson,13534025,WR/FLEX,5700,PHI@MIN 10/13/2019 01:00PM ET,PHI,19.2
WR,Calvin Ridley (13534023),Calvin Ridley,13534023,WR/FLEX,5700,ATL@ARI 10/13/2019 04:05PM ET,ATL,14.3
QB,Jimmy Garoppolo (13533666),Jimmy Garoppolo,13533666,QB,5700,SF@LAR 10/13/2019 04:05PM ET,SF,15.6
WR,Sterling Shepard (13534033),Sterling Shepard,13534033,WR/FLEX,5600,NYG@NE 10/10/2019 08:20PM ET,NYG,16.72
QB,Drew Brees (13533668),Drew Brees,13533668,QB,5600,NO@JAX 10/13/2019 01:00PM ET,NO,12.66
RB,LeSean McCoy (13533763),LeSean McCoy,13533763,RB/FLEX,5600,HOU@KC 10/13/2019 01:00PM ET,KC,11.76
WR,Robert Woods (13534031),Robert Woods,13534031,WR/FLEX,5600,SF@LAR 10/13/2019 04:05PM ET,LAR,14.76
WR,Michael Gallup (13534029),Michael Gallup,13534029,WR/FLEX,5600,DAL@NYJ 10/13/2019 04:25PM ET,DAL,21.97
RB,James Conner (13533761),James Conner,13533761,RB/FLEX,5600,PIT@LAC 10/13/2019 08:20PM ET,PIT,14.14
WR,JuJu Smith-Schuster (13534027),JuJu Smith-Schuster,13534027,WR/FLEX,5600,PIT@LAC 10/13/2019 08:20PM ET,PIT,13.66
RB,Sony Michel (13533767),Sony Michel,13533767,RB/FLEX,5500,NYG@NE 10/10/2019 08:20PM ET,NE,9.88
RB,Joe Mixon (13533765),Joe Mixon,13533765,RB/FLEX,5500,CIN@BAL 10/13/2019 01:00PM ET,CIN,9.8
WR,Willie Snead IV (13534037),Willie Snead IV,13534037,WR/FLEX,5500,CIN@BAL 10/13/2019 01:00PM ET,BAL,8.9
QB,Baker Mayfield (13533669),Baker Mayfield,13533669,QB,5500,SEA@CLE 10/13/2019 01:00PM ET,CLE,12.58
WR,DJ Chark Jr. (13534035),DJ Chark Jr.,13534035,WR/FLEX,5500,NO@JAX 10/13/2019 01:00PM ET,JAX,22.3
QB,Andy Dalton (13533670),Andy Dalton,13533670,QB,5400,CIN@BAL 10/13/2019 01:00PM ET,CIN,18.22
TE,Zach Ertz (13534309),Zach Ertz,13534309,TE/FLEX,5400,PHI@MIN 10/13/2019 01:00PM ET,PHI,13.64
WR,Brandin Cooks (13534041),Brandin Cooks,13534041,WR/FLEX,5400,SF@LAR 10/13/2019 04:05PM ET,LAR,13.04
RB,Kerryon Johnson (13533769),Kerryon Johnson,13533769,RB/FLEX,5400,DET@GB 10/14/2019 08:15PM ET,DET,14
WR,Marquez Valdes-Scantling (13534039),Marquez Valdes-Scantling,13534039,WR/FLEX,5400,DET@GB 10/14/2019 08:15PM ET,GB,9.3
RB,Wayne Gallman Jr. (13533773),Wayne Gallman Jr.,13533773,RB/FLEX,5300,NYG@NE 10/10/2019 08:20PM ET,NYG,8.92
QB,Kyle Allen (13533673),Kyle Allen,13533673,QB,5300,CAR@TB 10/13/2019 09:30AM ET,CAR,14.42
WR,DJ Moore (13534045),DJ Moore,13534045,WR/FLEX,5300,CAR@TB 10/13/2019 09:30AM ET,CAR,13.48
QB,Teddy Bridgewater (13533672),Teddy Bridgewater,13533672,QB,5300,NO@JAX 10/13/2019 01:00PM ET,NO,15.54
WR,Mecole Hardman (13534043),Mecole Hardman,13534043,WR/FLEX,5300,HOU@KC 10/13/2019 01:00PM ET,KC,9.54
RB,Phillip Lindsay (13533771),Phillip Lindsay,13533771,RB/FLEX,5300,TEN@DEN 10/13/2019 04:25PM ET,DEN,16.98
QB,Matthew Stafford (13533671),Matthew Stafford,13533671,QB,5300,DET@GB 10/14/2019 08:15PM ET,DET,21.32
QB,Daniel Jones (13533675),Daniel Jones,13533675,QB,5200,NYG@NE 10/10/2019 08:20PM ET,NYG,16.3
WR,Jarvis Landry (13534051),Jarvis Landry,13534051,WR/FLEX,5200,SEA@CLE 10/13/2019 01:00PM ET,CLE,13.26
QB,Kirk Cousins (13533674),Kirk Cousins,13533674,QB,5200,PHI@MIN 10/13/2019 01:00PM ET,MIN,14.13
WR,Christian Kirk (13534049),Christian Kirk,13534049,WR/FLEX,5200,ATL@ARI 10/13/2019 04:05PM ET,ARI,13.75
TE,George Kittle (13534311),George Kittle,13534311,TE/FLEX,5200,SF@LAR 10/13/2019 04:05PM ET,SF,13.58
WR,Marvin Jones Jr. (13534047),Marvin Jones Jr.,13534047,WR/FLEX,5200,DET@GB 10/14/2019 08:15PM ET,DET,13.78
RB,James White (13533777),James White,13533777,RB/FLEX,5100,NYG@NE 10/10/2019 08:20PM ET,NE,13.02
WR,Dede Westbrook (13534053),Dede Westbrook,13534053,WR/FLEX,5100,NO@JAX 10/13/2019 01:00PM ET,JAX,10.46
RB,Matt Breida (13533775),Matt Breida,13533775,RB/FLEX,5100,SF@LAR 10/13/2019 04:05PM ET,SF,15.65
QB,Sam Darnold (13533676),Sam Darnold,13533676,QB,5100,DAL@NYJ 10/13/2019 04:25PM ET,NYJ,13
WR,Phillip Dorsett II (13534059),Phillip Dorsett II,13534059,WR/FLEX,5000,NYG@NE 10/10/2019 08:20PM ET,NE,10.96
QB,Gardner Minshew II (13533678),Gardner Minshew II,13533678,QB,5000,NO@JAX 10/13/2019 01:00PM ET,JAX,19.51
QB,Case Keenum (13533677),Case Keenum,13533677,QB,5000,WAS@MIA 10/13/2019 01:00PM ET,WAS,16.75
RB,Chris Thompson (13533779),Chris Thompson,13533779,RB/FLEX,5000,WAS@MIA 10/13/2019 01:00PM ET,WAS,11.7
TE,Austin Hooper (13534313),Austin Hooper,13534313,TE/FLEX,5000,ATL@ARI 10/13/2019 04:05PM ET,ATL,17.46
WR,Courtland Sutton (13534057),Courtland Sutton,13534057,WR/FLEX,5000,TEN@DEN 10/13/2019 04:25PM ET,DEN,17.42
WR,Geronimo Allison (13534055),Geronimo Allison,13534055,WR/FLEX,5000,DET@GB 10/14/2019 08:15PM ET,GB,6.42
TE,Will Dissly (13534315),Will Dissly,13534315,TE/FLEX,4900,SEA@CLE 10/13/2019 01:00PM ET,SEA,14.78
QB,Dwayne Haskins Jr. (13533680),Dwayne Haskins Jr.,13533680,QB,4900,WAS@MIA 10/13/2019 01:00PM ET,WAS,3.58
WR,Paul Richardson Jr. (13534061),Paul Richardson Jr.,13534061,WR/FLEX,4900,WAS@MIA 10/13/2019 01:00PM ET,WAS,9.66
RB,Jordan Howard (13533781),Jordan Howard,13533781,RB/FLEX,4900,PHI@MIN 10/13/2019 01:00PM ET,PHI,13.1
QB,Marcus Mariota (13533679),Marcus Mariota,13533679,QB,4900,TEN@DEN 10/13/2019 04:25PM ET,TEN,17.63
TE,Evan Engram (13534319),Evan Engram,13534319,TE/FLEX,4800,NYG@NE 10/10/2019 08:20PM ET,NYG,17.76
TE,Mark Andrews (13534317),Mark Andrews,13534317,TE/FLEX,4800,CIN@BAL 10/13/2019 01:00PM ET,BAL,16.62
RB,Darrel Williams (13533783),Darrel Williams,13533783,RB/FLEX,4800,HOU@KC 10/13/2019 01:00PM ET,KC,7.1
QB,Colt McCoy (13533682),Colt McCoy,13533682,QB,4800,WAS@MIA 10/13/2019 01:00PM ET,WAS,5.16
QB,Joe Flacco (13533681),Joe Flacco,13533681,QB,4800,TEN@DEN 10/13/2019 04:25PM ET,DEN,14.90
WR,Emmanuel Sanders (13534063),Emmanuel Sanders,13534063,WR/FLEX,4800,TEN@DEN 10/13/2019 04:25PM ET,DEN,14.34
WR,Golden Tate (13534069),Golden Tate,13534069,WR/FLEX,4700,NYG@NE 10/10/2019 08:20PM ET,NYG,4.3
WR,Curtis Samuel (13534067),Curtis Samuel,13534067,WR/FLEX,4700,CAR@TB 10/13/2019 09:30AM ET,CAR,10.1
WR,DK Metcalf (13534065),DK Metcalf,13534065,WR/FLEX,4700,SEA@CLE 10/13/2019 01:00PM ET,SEA,10.14
QB,Josh McCown (13533684),Josh McCown,13533684,QB,4700,PHI@MIN 10/13/2019 01:00PM ET,PHI,0.38
RB,Raheem Mostert (13533785),Raheem Mostert,13533785,RB/FLEX,4700,SF@LAR 10/13/2019 04:05PM ET,SF,9.85
QB,Mason Rudolph (13533683),Mason Rudolph,13533683,QB,4700,PIT@LAC 10/13/2019 08:20PM ET,PIT,13.44
QB,Devlin Hodges (13533685),Devlin Hodges,13533685,QB,4700,PIT@LAC 10/13/2019 08:20PM ET,PIT,4.72
QB,Ryan Fitzpatrick (13533687),Ryan Fitzpatrick,13533687,QB,4600,WAS@MIA 10/13/2019 01:00PM ET,MIA,4.51
WR,Nelson Agholor (13534073),Nelson Agholor,13534073,WR/FLEX,4600,PHI@MIN 10/13/2019 01:00PM ET,PHI,11.56
RB,Chase Edmonds (13533787),Chase Edmonds,13533787,RB/FLEX,4600,ATL@ARI 10/13/2019 04:05PM ET,ARI,5.8
QB,Luke Falk (13533686),Luke Falk,13533686,QB,4600,DAL@NYJ 10/13/2019 04:25PM ET,NYJ,4.21
WR,Mike Williams (13534071),Mike Williams,13534071,WR/FLEX,4600,PIT@LAC 10/13/2019 08:20PM ET,LAC,9.28
QB,Eli Manning (13533692),Eli Manning,13533692,QB,4500,NYG@NE 10/10/2019 08:20PM ET,NYG,15.52
RB,Ronald Jones II (13533793),Ronald Jones II,13533793,RB/FLEX,4500,CAR@TB 10/13/2019 09:30AM ET,TB,9.42
QB,Robert Griffin III (13533691),Robert Griffin III,13533691,QB,4500,CIN@BAL 10/13/2019 01:00PM ET,BAL,7.1
WR,Auden Tate (13534079),Auden Tate,13534079,WR/FLEX,4500,CIN@BAL 10/13/2019 01:00PM ET,CIN,9
QB,Josh Rosen (13533690),Josh Rosen,13533690,QB,4500,WAS@MIA 10/13/2019 01:00PM ET,MIA,5.40
RB,Adrian Peterson (13533791),Adrian Peterson,13533791,RB/FLEX,4500,WAS@MIA 10/13/2019 01:00PM ET,WAS,5.05
QB,Sean Mannion (13533689),Sean Mannion,13533689,QB,4500,PHI@MIN 10/13/2019 01:00PM ET,MIN,-0.2
WR,Mohamed Sanu (13534077),Mohamed Sanu,13534077,WR/FLEX,4500,ATL@ARI 10/13/2019 04:05PM ET,ATL,12.68
WR,Marquise Goodwin (13534075),Marquise Goodwin,13534075,WR/FLEX,4500,SF@LAR 10/13/2019 04:05PM ET,SF,8.28
RB,Royce Freeman (13533789),Royce Freeman,13533789,RB/FLEX,4500,TEN@DEN 10/13/2019 04:25PM ET,DEN,10.26
QB,Ben Roethlisberger (13533688),Ben Roethlisberger,13533688,QB,4500,PIT@LAC 10/13/2019 08:20PM ET,PIT,6.87
QB,Jarrett Stidham (13533694),Jarrett Stidham,13533694,QB,4400,NYG@NE 10/10/2019 08:20PM ET,NE,-0.22
QB,Josh Dobbs (13533693),Josh Dobbs,13533693,QB,4400,NO@JAX 10/13/2019 01:00PM ET,JAX,0
RB,Carlos Hyde (13533799),Carlos Hyde,13533799,RB/FLEX,4400,HOU@KC 10/13/2019 01:00PM ET,HOU,9.76
RB,Kenyan Drake (13533797),Kenyan Drake,13533797,RB/FLEX,4400,WAS@MIA 10/13/2019 01:00PM ET,MIA,8.5
RB,Tevin Coleman (13533795),Tevin Coleman,13533795,RB/FLEX,4400,SF@LAR 10/13/2019 04:05PM ET,SF,11.65
WR,Randall Cobb (13534081),Randall Cobb,13534081,WR/FLEX,4400,DAL@NYJ 10/13/2019 04:25PM ET,DAL,9.02
RB,Rex Burkhead (13533805),Rex Burkhead,13533805,RB/FLEX,4300,NYG@NE 10/10/2019 08:20PM ET,NE,10.72
RB,Jordan Scarlett (13533807),Jordan Scarlett,13533807,RB/FLEX,4300,CAR@TB 10/13/2019 09:30AM ET,CAR,0
QB,Geno Smith (13533699),Geno Smith,13533699,QB,4300,SEA@CLE 10/13/2019 01:00PM ET,SEA,0
QB,Nick Foles (13533698),Nick Foles,13533698,QB,4300,NO@JAX 10/13/2019 01:00PM ET,JAX,7
QB,Brett Hundley (13533697),Brett Hundley,13533697,QB,4300,ATL@ARI 10/13/2019 04:05PM ET,ARI,0
RB,Ito Smith (13533803),Ito Smith,13533803,RB/FLEX,4300,ATL@ARI 10/13/2019 04:05PM ET,ATL,7
RB,Malcolm Brown (13533801),Malcolm Brown,13533801,RB/FLEX,4300,SF@LAR 10/13/2019 04:05PM ET,LAR,5.08
WR,Deebo Samuel (13534083),Deebo Samuel,13534083,WR/FLEX,4300,SF@LAR 10/13/2019 04:05PM ET,SF,8.68
QB,Cooper Rush (13533696),Cooper Rush,13533696,QB,4300,DAL@NYJ 10/13/2019 04:25PM ET,DAL,0
DST,Cowboys  (13534505),Cowboys ,13534505,DST,4300,DAL@NYJ 10/13/2019 04:25PM ET,DAL,6.2
QB,Tim Boyle (13533695),Tim Boyle,13533695,QB,4300,DET@GB 10/14/2019 08:15PM ET,GB,0
RB,Peyton Barber (13533815),Peyton Barber,13533815,RB/FLEX,4200,CAR@TB 10/13/2019 09:30AM ET,TB,9.58
TE,Greg Olsen (13534321),Greg Olsen,13534321,TE/FLEX,4200,CAR@TB 10/13/2019 09:30AM ET,CAR,11.12
QB,Garrett Gilbert (13533703),Garrett Gilbert,13533703,QB,4200,SEA@CLE 10/13/2019 01:00PM ET,CLE,0
WR,Antonio Callaway (13534093),Antonio Callaway,13534093,WR/FLEX,4200,SEA@CLE 10/13/2019 01:00PM ET,CLE,0
QB,AJ McCarron (13533702),AJ McCarron,13533702,QB,4200,HOU@KC 10/13/2019 01:00PM ET,HOU,0
WR,Kenny Stills (13534091),Kenny Stills,13534091,WR/FLEX,4200,HOU@KC 10/13/2019 01:00PM ET,HOU,8.95
WR,DeVante Parker (13534089),DeVante Parker,13534089,WR/FLEX,4200,WAS@MIA 10/13/2019 01:00PM ET,MIA,9.02
RB,Miles Sanders (13533813),Miles Sanders,13533813,RB/FLEX,4200,PHI@MIN 10/13/2019 01:00PM ET,PHI,8.32
QB,Matt Schaub (13533701),Matt Schaub,13533701,QB,4200,ATL@ARI 10/13/2019 04:05PM ET,ATL,0
RB,Jeff Wilson Jr. (13533811),Jeff Wilson Jr.,13533811,RB/FLEX,4200,SF@LAR 10/13/2019 04:05PM ET,SF,14.6
WR,A.J. Brown (13534087),A.J. Brown,13534087,WR/FLEX,4200,TEN@DEN 10/13/2019 04:25PM ET,TEN,10.4
QB,Tyrod Taylor (13533700),Tyrod Taylor,13533700,QB,4200,PIT@LAC 10/13/2019 08:20PM ET,LAC,0.04
WR,Diontae Johnson (13534085),Diontae Johnson,13534085,WR/FLEX,4200,PIT@LAC 10/13/2019 08:20PM ET,PIT,9.88
RB,Jamaal Williams (13533809),Jamaal Williams,13533809,RB/FLEX,4200,DET@GB 10/14/2019 08:15PM ET,GB,7.05
QB,Cody Kessler (13533716),Cody Kessler,13533716,QB,4100,NYG@NE 10/10/2019 08:20PM ET,NE,0
QB,Ryan Griffin (13533714),Ryan Griffin,13533714,QB,4100,CAR@TB 10/13/2019 09:30AM ET,TB,0
QB,Blaine Gabbert (13533715),Blaine Gabbert,13533715,QB,4100,CAR@TB 10/13/2019 09:30AM ET,TB,0
QB,Ryan Finley (13533713),Ryan Finley,13533713,QB,4100,CIN@BAL 10/13/2019 01:00PM ET,CIN,0
DST,Ravens  (13534506),Ravens ,13534506,DST,4100,CIN@BAL 10/13/2019 01:00PM ET,BAL,4.2
RB,Rashaad Penny (13533819),Rashaad Penny,13533819,RB/FLEX,4100,SEA@CLE 10/13/2019 01:00PM ET,SEA,7.4
RB,Dontrell Hilliard (13533821),Dontrell Hilliard,13533821,RB/FLEX,4100,SEA@CLE 10/13/2019 01:00PM ET,CLE,5.55
QB,Taysom Hill (13533712),Taysom Hill,13533712,QB,4100,NO@JAX 10/13/2019 01:00PM ET,NO,3.60
WR,Chris Conley (13534101),Chris Conley,13534101,WR/FLEX,4100,NO@JAX 10/13/2019 01:00PM ET,JAX,8.86
QB,Matt Moore (13533711),Matt Moore,13533711,QB,4100,HOU@KC 10/13/2019 01:00PM ET,KC,-0.1
RB,Duke Johnson (13533817),Duke Johnson,13533817,RB/FLEX,4100,HOU@KC 10/13/2019 01:00PM ET,HOU,7.6
WR,Preston Williams (13534099),Preston Williams,13534099,WR/FLEX,4100,WAS@MIA 10/13/2019 01:00PM ET,MIA,10.28
TE,Vernon Davis (13534323),Vernon Davis,13534323,TE/FLEX,4100,WAS@MIA 10/13/2019 01:00PM ET,WAS,7.08
WR,Damiere Byrd (13534097),Damiere Byrd,13534097,WR/FLEX,4100,ATL@ARI 10/13/2019 04:05PM ET,ARI,7.2
QB,Nick Mullens (13533709),Nick Mullens,13533709,QB,4100,SF@LAR 10/13/2019 04:05PM ET,SF,0
QB,Blake Bortles (13533710),Blake Bortles,13533710,QB,4100,SF@LAR 10/13/2019 04:05PM ET,LAR,0
QB,Ryan Tannehill (13533707),Ryan Tannehill,13533707,QB,4100,TEN@DEN 10/13/2019 04:25PM ET,TEN,-0.2
QB,Brandon Allen (13533708),Brandon Allen,13533708,QB,4100,TEN@DEN 10/13/2019 04:25PM ET,DEN,0
QB,David Fales (13533706),David Fales,13533706,QB,4100,DAL@NYJ 10/13/2019 04:25PM ET,NYJ,0
WR,James Washington (13534095),James Washington,13534095,WR/FLEX,4100,PIT@LAC 10/13/2019 08:20PM ET,PIT,4.6
QB,David Blough (13533704),David Blough,13533704,QB,4100,DET@GB 10/14/2019 08:15PM ET,DET,0
QB,Jeff Driskel (13533705),Jeff Driskel,13533705,QB,4100,DET@GB 10/14/2019 08:15PM ET,DET,0
QB,Alex Tanney (13533724),Alex Tanney,13533724,QB,4000,NYG@NE 10/10/2019 08:20PM ET,NYG,0
DST,Patriots  (13534507),Patriots ,13534507,DST,4000,NYG@NE 10/10/2019 08:20PM ET,NE,19.4
QB,Will Grier (13533723),Will Grier,13533723,QB,4000,CAR@TB 10/13/2019 09:30AM ET,CAR,0
QB,Trace McSorley (13533721),Trace McSorley,13533721,QB,4000,CIN@BAL 10/13/2019 01:00PM ET,BAL,0
QB,Jake Dolegala (13533722),Jake Dolegala,13533722,QB,4000,CIN@BAL 10/13/2019 01:00PM ET,CIN,0
QB,Alex McGough (13533720),Alex McGough,13533720,QB,4000,HOU@KC 10/13/2019 01:00PM ET,HOU,0
WR,Cam Sims (13534109),Cam Sims,13534109,WR/FLEX,4000,WAS@MIA 10/13/2019 01:00PM ET,WAS,0
WR,Albert Wilson (13534111),Albert Wilson,13534111,WR/FLEX,4000,WAS@MIA 10/13/2019 01:00PM ET,MIA,3.4
TE,Jordan Reed (13534327),Jordan Reed,13534327,TE/FLEX,4000,WAS@MIA 10/13/2019 01:00PM ET,WAS,0
QB,Nate Sudfeld (13533719),Nate Sudfeld,13533719,QB,4000,PHI@MIN 10/13/2019 01:00PM ET,PHI,0
QB,C.J. Beathard (13533718),C.J. Beathard,13533718,QB,4000,SF@LAR 10/13/2019 04:05PM ET,SF,0
WR,Corey Davis (13534107),Corey Davis,13534107,WR/FLEX,4000,TEN@DEN 10/13/2019 04:25PM ET,TEN,7.82
WR,Robby Anderson (13534103),Robby Anderson,13534103,WR/FLEX,4000,DAL@NYJ 10/13/2019 04:25PM ET,NYJ,6.02
WR,Jamison Crowder (13534105),Jamison Crowder,13534105,WR/FLEX,4000,DAL@NYJ 10/13/2019 04:25PM ET,NYJ,9.95
QB,Easton Stick (13533717),Easton Stick,13533717,QB,4000,PIT@LAC 10/13/2019 08:20PM ET,LAC,0
RB,Dexter Williams (13533823),Dexter Williams,13533823,RB/FLEX,4000,DET@GB 10/14/2019 08:15PM ET,GB,0
TE,Jimmy Graham (13534325),Jimmy Graham,13534325,TE/FLEX,4000,DET@GB 10/14/2019 08:15PM ET,GB,7.44
RB,Gus Edwards (13533829),Gus Edwards,13533829,RB/FLEX,3900,CIN@BAL 10/13/2019 01:00PM ET,BAL,4.68
RB,C.J. Prosise (13533827),C.J. Prosise,13533827,RB/FLEX,3900,SEA@CLE 10/13/2019 01:00PM ET,SEA,5.18
WR,KeeSean Johnson (13534117),KeeSean Johnson,13534117,WR/FLEX,3900,ATL@ARI 10/13/2019 04:05PM ET,ARI,5.88
WR,Dante Pettis (13534115),Dante Pettis,13534115,WR/FLEX,3900,SF@LAR 10/13/2019 04:05PM ET,SF,4.11
TE,Jason Witten (13534329),Jason Witten,13534329,TE/FLEX,3900,DAL@NYJ 10/13/2019 04:25PM ET,DAL,9.06
RB,Jaylen Samuels (13533825),Jaylen Samuels,13533825,RB/FLEX,3900,PIT@LAC 10/13/2019 08:20PM ET,PIT,6.54
WR,Jake Kumerow (13534113),Jake Kumerow,13534113,WR/FLEX,3900,DET@GB 10/14/2019 08:15PM ET,GB,1.37
WR,Jakobi Meyers (13534125),Jakobi Meyers,13534125,WR/FLEX,3800,NYG@NE 10/10/2019 08:20PM ET,NE,2.65
WR,Damion Ratley (13534123),Damion Ratley,13534123,WR/FLEX,3800,SEA@CLE 10/13/2019 01:00PM ET,CLE,3.66
RB,Alexander Mattison (13533833),Alexander Mattison,13533833,RB/FLEX,3800,PHI@MIN 10/13/2019 01:00PM ET,MIN,5.34
WR,Adam Humphries (13534121),Adam Humphries,13534121,WR/FLEX,3800,TEN@DEN 10/13/2019 04:25PM ET,TEN,5.86
RB,Justin Jackson (13533831),Justin Jackson,13533831,RB/FLEX,3800,PIT@LAC 10/13/2019 08:20PM ET,LAC,7.17
TE,Vance McDonald (13534331),Vance McDonald,13534331,TE/FLEX,3800,PIT@LAC 10/13/2019 08:20PM ET,PIT,9.3
WR,Danny Amendola (13534119),Danny Amendola,13534119,WR/FLEX,3800,DET@GB 10/14/2019 08:15PM ET,DET,11.37
RB,Elijhaa Penny (13533841),Elijhaa Penny,13533841,RB/FLEX,3700,NYG@NE 10/10/2019 08:20PM ET,NYG,0.98
RB,Reggie Bonnafon (13533843),Reggie Bonnafon,13533843,RB/FLEX,3700,CAR@TB 10/13/2019 09:30AM ET,CAR,2.9
TE,O.J. Howard (13534335),O.J. Howard,13534335,TE/FLEX,3700,CAR@TB 10/13/2019 09:30AM ET,TB,4.82
WR,Rashard Higgins (13534131),Rashard Higgins,13534131,WR/FLEX,3700,SEA@CLE 10/13/2019 01:00PM ET,CLE,6.6
RB,Latavius Murray (13533839),Latavius Murray,13533839,RB/FLEX,3700,NO@JAX 10/13/2019 01:00PM ET,NO,4.92
WR,Trey Quinn (13534127),Trey Quinn,13534127,WR/FLEX,3700,WAS@MIA 10/13/2019 01:00PM ET,WAS,7.08
WR,Jakeem Grant (13534129),Jakeem Grant,13534129,WR/FLEX,3700,WAS@MIA 10/13/2019 01:00PM ET,MIA,3.25
RB,Dion Lewis (13533837),Dion Lewis,13533837,RB/FLEX,3700,TEN@DEN 10/13/2019 04:25PM ET,TEN,4.14
TE,Delanie Walker (13534333),Delanie Walker,13534333,TE/FLEX,3700,TEN@DEN 10/13/2019 04:25PM ET,TEN,9.44
RB,Ty Montgomery (13533835),Ty Montgomery,13533835,RB/FLEX,3700,DAL@NYJ 10/13/2019 04:25PM ET,NYJ,1.9
WR,Malik Turner (13534141),Malik Turner,13534141,WR/FLEX,3600,SEA@CLE 10/13/2019 01:00PM ET,SEA,2.46
WR,Ted Ginn Jr. (13534139),Ted Ginn Jr.,13534139,WR/FLEX,3600,NO@JAX 10/13/2019 01:00PM ET,NO,8.02
WR,Mack Hollins (13534137),Mack Hollins,13534137,WR/FLEX,3600,PHI@MIN 10/13/2019 01:00PM ET,PHI,4.5
RB,Qadree Ollison (13533847),Qadree Ollison,13533847,RB/FLEX,3600,ATL@ARI 10/13/2019 04:05PM ET,ATL,0
TE,Gerald Everett (13534339),Gerald Everett,13534339,TE/FLEX,3600,SF@LAR 10/13/2019 04:05PM ET,LAR,9.86
WR,DaeSean Hamilton (13534135),DaeSean Hamilton,13534135,WR/FLEX,3600,TEN@DEN 10/13/2019 04:25PM ET,DEN,2.94
RB,Tony Pollard (13533845),Tony Pollard,13533845,RB/FLEX,3600,DAL@NYJ 10/13/2019 04:25PM ET,DAL,6.52
WR,Devin Smith (13534133),Devin Smith,13534133,WR/FLEX,3600,DAL@NYJ 10/13/2019 04:25PM ET,DAL,5.58
TE,Hunter Henry (13534337),Hunter Henry,13534337,TE/FLEX,3600,PIT@LAC 10/13/2019 08:20PM ET,LAC,10
DST,Packers  (13534508),Packers ,13534508,DST,3600,DET@GB 10/14/2019 08:15PM ET,GB,9.4
DST,Panthers  (13534509),Panthers ,13534509,DST,3500,CAR@TB 10/13/2019 09:30AM ET,CAR,10.2
RB,Giovani Bernard (13533851),Giovani Bernard,13533851,RB/FLEX,3500,CIN@BAL 10/13/2019 01:00PM ET,CIN,5.06
WR,Miles Boykin (13534153),Miles Boykin,13534153,WR/FLEX,3500,CIN@BAL 10/13/2019 01:00PM ET,BAL,4.36
TE,Tyler Eifert (13534343),Tyler Eifert,13534343,TE/FLEX,3500,CIN@BAL 10/13/2019 01:00PM ET,CIN,5.7
WR,Marqise Lee (13534149),Marqise Lee,13534149,WR/FLEX,3500,NO@JAX 10/13/2019 01:00PM ET,JAX,0.75
WR,Tre'Quan Smith (13534151),Tre'Quan Smith,13534151,WR/FLEX,3500,NO@JAX 10/13/2019 01:00PM ET,NO,6.17
WR,Byron Pringle (13534145),Byron Pringle,13534145,WR/FLEX,3500,HOU@KC 10/13/2019 01:00PM ET,KC,5.86
WR,Keke Coutee (13534147),Keke Coutee,13534147,WR/FLEX,3500,HOU@KC 10/13/2019 01:00PM ET,HOU,4
RB,Derrius Guice (13533849),Derrius Guice,13533849,RB/FLEX,3500,WAS@MIA 10/13/2019 01:00PM ET,WAS,6.8
TE,Chris Herndon (13534341),Chris Herndon,13534341,TE/FLEX,3500,DAL@NYJ 10/13/2019 04:25PM ET,NYJ,0
WR,Donte Moncrief (13534143),Donte Moncrief,13534143,WR/FLEX,3500,PIT@LAC 10/13/2019 08:20PM ET,PIT,1.23
RB,Dare Ogunbowale (13533861),Dare Ogunbowale,13533861,RB/FLEX,3400,CAR@TB 10/13/2019 09:30AM ET,TB,4.68
WR,Breshad Perriman (13534155),Breshad Perriman,13534155,WR/FLEX,3400,CAR@TB 10/13/2019 09:30AM ET,TB,1.48
DST,Seahawks  (13534510),Seahawks ,13534510,DST,3400,SEA@CLE 10/13/2019 01:00PM ET,SEA,7.2
RB,Ryquell Armstead (13533859),Ryquell Armstead,13533859,RB/FLEX,3400,NO@JAX 10/13/2019 01:00PM ET,JAX,2.84
TE,James O'Shaughnessy (13534345),James O'Shaughnessy,13534345,TE/FLEX,3400,NO@JAX 10/13/2019 01:00PM ET,JAX,8.26
TE,Jared Cook (13534347),Jared Cook,13534347,TE/FLEX,3400,NO@JAX 10/13/2019 01:00PM ET,NO,6.22
RB,Darwin Thompson (13533857),Darwin Thompson,13533857,RB/FLEX,3400,HOU@KC 10/13/2019 01:00PM ET,KC,0.55
RB,Wendell Smallwood (13533855),Wendell Smallwood,13533855,RB/FLEX,3400,WAS@MIA 10/13/2019 01:00PM ET,WAS,1.68
RB,Darren Sproles (13533853),Darren Sproles,13533853,RB/FLEX,3400,PHI@MIN 10/13/2019 01:00PM ET,PHI,3
WR,Darrius Shepherd (13534157),Darrius Shepherd,13534157,WR/FLEX,3400,DET@GB 10/14/2019 08:15PM ET,GB,0
RB,Damien Harris (13533869),Damien Harris,13533869,RB/FLEX,3300,NYG@NE 10/10/2019 08:20PM ET,NE,0
WR,Cody Latimer (13534169),Cody Latimer,13534169,WR/FLEX,3300,NYG@NE 10/10/2019 08:20PM ET,NYG,4.1
WR,Jarius Wright (13534167),Jarius Wright,13534167,WR/FLEX,3300,CAR@TB 10/13/2019 09:30AM ET,CAR,4.84
RB,Samaje Perine (13533867),Samaje Perine,13533867,RB/FLEX,3300,CIN@BAL 10/13/2019 01:00PM ET,CIN,0
WR,Jaron Brown (13534163),Jaron Brown,13534163,WR/FLEX,3300,SEA@CLE 10/13/2019 01:00PM ET,SEA,3.72
WR,David Moore (13534165),David Moore,13534165,WR/FLEX,3300,SEA@CLE 10/13/2019 01:00PM ET,SEA,4.6
TE,Ricky Seals-Jones (13534351),Ricky Seals-Jones,13534351,TE/FLEX,3300,SEA@CLE 10/13/2019 01:00PM ET,CLE,4.9
RB,Kalen Ballage (13533865),Kalen Ballage,13533865,RB/FLEX,3300,WAS@MIA 10/13/2019 01:00PM ET,MIA,2.2
DST,Rams  (13534511),Rams ,13534511,DST,3300,SF@LAR 10/13/2019 04:05PM ET,LAR,6.8
WR,Demaryius Thomas (13534161),Demaryius Thomas,13534161,WR/FLEX,3300,DAL@NYJ 10/13/2019 04:25PM ET,NYJ,4.8
TE,Blake Jarwin (13534349),Blake Jarwin,13534349,TE/FLEX,3300,DAL@NYJ 10/13/2019 04:25PM ET,DAL,5.06
RB,Troymaine Pope (13533863),Troymaine Pope,13533863,RB/FLEX,3300,PIT@LAC 10/13/2019 08:20PM ET,LAC,2.85
WR,Geremy Davis (13534159),Geremy Davis,13534159,WR/FLEX,3300,PIT@LAC 10/13/2019 08:20PM ET,LAC,1.12
DST,Chargers  (13534512),Chargers ,13534512,DST,3300,PIT@LAC 10/13/2019 08:20PM ET,LAC,7.8
TE,T.J. Hockenson (13534353),T.J. Hockenson,13534353,TE/FLEX,3300,DET@GB 10/14/2019 08:15PM ET,DET,10.65
RB,Jon Hilliman (13533881),Jon Hilliman,13533881,RB/FLEX,3200,NYG@NE 10/10/2019 08:20PM ET,NYG,2.85
RB,Justice Hill (13533879),Justice Hill,13533879,RB/FLEX,3200,CIN@BAL 10/13/2019 01:00PM ET,BAL,1.92
WR,Alex Erickson (13534181),Alex Erickson,13534181,WR/FLEX,3200,CIN@BAL 10/13/2019 01:00PM ET,CIN,2.44
TE,Hayden Hurst (13534357),Hayden Hurst,13534357,TE/FLEX,3200,CIN@BAL 10/13/2019 01:00PM ET,BAL,6.14
DST,Saints  (13534514),Saints ,13534514,DST,3200,NO@JAX 10/13/2019 01:00PM ET,NO,8.6
TE,Jordan Akins (13534355),Jordan Akins,13534355,TE/FLEX,3200,HOU@KC 10/13/2019 01:00PM ET,HOU,7.54
WR,Steven Sims Jr. (13534177),Steven Sims Jr.,13534177,WR/FLEX,3200,WAS@MIA 10/13/2019 01:00PM ET,WAS,4.38
WR,Allen Hurns (13534179),Allen Hurns,13534179,WR/FLEX,3200,WAS@MIA 10/13/2019 01:00PM ET,MIA,2.37
DST,Redskins  (13534513),Redskins ,13534513,DST,3200,WAS@MIA 10/13/2019 01:00PM ET,WAS,4.2
RB,Corey Clement (13533877),Corey Clement,13533877,RB/FLEX,3200,PHI@MIN 10/13/2019 01:00PM ET,PHI,-0.5
WR,JJ Arcega-Whiteside (13534175),JJ Arcega-Whiteside,13534175,WR/FLEX,3200,PHI@MIN 10/13/2019 01:00PM ET,PHI,0.68
RB,Darrell Henderson Jr. (13533875),Darrell Henderson Jr.,13533875,RB/FLEX,3200,SF@LAR 10/13/2019 04:05PM ET,LAR,0
RB,Devontae Booker (13533873),Devontae Booker,13533873,RB/FLEX,3200,TEN@DEN 10/13/2019 04:25PM ET,DEN,0
WR,Josh Bellamy (13534173),Josh Bellamy,13534173,WR/FLEX,3200,DAL@NYJ 10/13/2019 04:25PM ET,NYJ,1
RB,Benny Snell Jr. (13533871),Benny Snell Jr.,13533871,RB/FLEX,3200,PIT@LAC 10/13/2019 08:20PM ET,PIT,0.6
WR,Andre Patton (13534171),Andre Patton,13534171,WR/FLEX,3200,PIT@LAC 10/13/2019 08:20PM ET,LAC,1.4
RB,Jakob Johnson (13533895),Jakob Johnson,13533895,RB/FLEX,3100,NYG@NE 10/10/2019 08:20PM ET,NE,0.5
WR,Darius Slayton (13534223),Darius Slayton,13534223,WR/FLEX,3100,NYG@NE 10/10/2019 08:20PM ET,NYG,10.23
WR,Russell Shepard (13534225),Russell Shepard,13534225,WR/FLEX,3100,NYG@NE 10/10/2019 08:20PM ET,NYG,1.83
TE,Ben Watson (13534363),Ben Watson,13534363,TE/FLEX,3100,NYG@NE 10/10/2019 08:20PM ET,NE,0
WR,Chris Moore (13534219),Chris Moore,13534219,WR/FLEX,3100,CIN@BAL 10/13/2019 01:00PM ET,BAL,0
WR,Stanley Morgan (13534221),Stanley Morgan,13534221,WR/FLEX,3100,CIN@BAL 10/13/2019 01:00PM ET,CIN,1.6
TE,David Njoku (13534361),David Njoku,13534361,TE/FLEX,3100,SEA@CLE 10/13/2019 01:00PM ET,CLE,6.85
WR,Keelan Cole (13534213),Keelan Cole,13534213,WR/FLEX,3100,NO@JAX 10/13/2019 01:00PM ET,JAX,0.58
WR,Deonte Harris (13534215),Deonte Harris,13534215,WR/FLEX,3100,NO@JAX 10/13/2019 01:00PM ET,NO,1.26
WR,Lil'Jordan Humphrey (13534217),Lil'Jordan Humphrey,13534217,WR/FLEX,3100,NO@JAX 10/13/2019 01:00PM ET,NO,0
WR,DeAndre Carter (13534211),DeAndre Carter,13534211,WR/FLEX,3100,HOU@KC 10/13/2019 01:00PM ET,HOU,-0.02
TE,Darren Fells (13534359),Darren Fells,13534359,TE/FLEX,3100,HOU@KC 10/13/2019 01:00PM ET,HOU,7.2
WR,Isaiah Ford (13534209),Isaiah Ford,13534209,WR/FLEX,3100,WAS@MIA 10/13/2019 01:00PM ET,MIA,2.9
WR,Davion Davis (13534205),Davion Davis,13534205,WR/FLEX,3100,PHI@MIN 10/13/2019 01:00PM ET,MIN,0
WR,Chad Beebe (13534207),Chad Beebe,13534207,WR/FLEX,3100,PHI@MIN 10/13/2019 01:00PM ET,MIN,3
WR,Andy Isabella (13534201),Andy Isabella,13534201,WR/FLEX,3100,ATL@ARI 10/13/2019 04:05PM ET,ARI,0.4
WR,Pharoh Cooper (13534203),Pharoh Cooper,13534203,WR/FLEX,3100,ATL@ARI 10/13/2019 04:05PM ET,ARI,2.65
WR,Jordan Matthews (13534197),Jordan Matthews,13534197,WR/FLEX,3100,SF@LAR 10/13/2019 04:05PM ET,SF,0
WR,Josh Reynolds (13534199),Josh Reynolds,13534199,WR/FLEX,3100,SF@LAR 10/13/2019 04:05PM ET,LAR,1.08
RB,Andy Janovich (13533893),Andy Janovich,13533893,RB/FLEX,3100,TEN@DEN 10/13/2019 04:25PM ET,DEN,0
WR,Tajae Sharpe (13534193),Tajae Sharpe,13534193,WR/FLEX,3100,TEN@DEN 10/13/2019 04:25PM ET,TEN,3.12
WR,Fred Brown (13534195),Fred Brown,13534195,WR/FLEX,3100,TEN@DEN 10/13/2019 04:25PM ET,DEN,0
DST,Broncos  (13534515),Broncos ,13534515,DST,3100,TEN@DEN 10/13/2019 04:25PM ET,DEN,3.6
RB,Bilal Powell (13533887),Bilal Powell,13533887,RB/FLEX,3100,DAL@NYJ 10/13/2019 04:25PM ET,NYJ,0.2
RB,Trenton Cannon (13533889),Trenton Cannon,13533889,RB/FLEX,3100,DAL@NYJ 10/13/2019 04:25PM ET,NYJ,0
RB,Jamize Olawale (13533891),Jamize Olawale,13533891,RB/FLEX,3100,DAL@NYJ 10/13/2019 04:25PM ET,DAL,0
WR,Vyncint Smith (13534189),Vyncint Smith,13534189,WR/FLEX,3100,DAL@NYJ 10/13/2019 04:25PM ET,NYJ,7.9
WR,Ventell Bryant (13534191),Ventell Bryant,13534191,WR/FLEX,3100,DAL@NYJ 10/13/2019 04:25PM ET,DAL,0
WR,Ryan Switzer (13534187),Ryan Switzer,13534187,WR/FLEX,3100,PIT@LAC 10/13/2019 08:20PM ET,PIT,1.98
RB,Tra Carson (13533883),Tra Carson,13533883,RB/FLEX,3100,DET@GB 10/14/2019 08:15PM ET,GB,7.2
RB,Paul Perkins (13533885),Paul Perkins,13533885,RB/FLEX,3100,DET@GB 10/14/2019 08:15PM ET,DET,0
WR,Marvin Hall (13534183),Marvin Hall,13534183,WR/FLEX,3100,DET@GB 10/14/2019 08:15PM ET,DET,3.35
WR,Tom Kennedy (13534185),Tom Kennedy,13534185,WR/FLEX,3100,DET@GB 10/14/2019 08:15PM ET,DET,0
RB,Brandon Bolden (13533967),Brandon Bolden,13533967,RB/FLEX,3000,NYG@NE 10/10/2019 08:20PM ET,NE,5.55
RB,James Develin (13533969),James Develin,13533969,RB/FLEX,3000,NYG@NE 10/10/2019 08:20PM ET,NE,0.15
WR,Cody Core (13534299),Cody Core,13534299,WR/FLEX,3000,NYG@NE 10/10/2019 08:20PM ET,NYG,1.16
WR,Gunner Olszewski (13534301),Gunner Olszewski,13534301,WR/FLEX,3000,NYG@NE 10/10/2019 08:20PM ET,NE,-0.2
WR,Matthew Slater (13534303),Matthew Slater,13534303,WR/FLEX,3000,NYG@NE 10/10/2019 08:20PM ET,NE,0
WR,N'Keal Harry (13534305),N'Keal Harry,13534305,WR/FLEX,3000,NYG@NE 10/10/2019 08:20PM ET,NE,0
RB,Alex Armah (13533963),Alex Armah,13533963,RB/FLEX,3000,CAR@TB 10/13/2019 09:30AM ET,CAR,1.82
RB,T.J. Logan (13533965),T.J. Logan,13533965,RB/FLEX,3000,CAR@TB 10/13/2019 09:30AM ET,TB,0
WR,Brandon Zylstra (13534289),Brandon Zylstra,13534289,WR/FLEX,3000,CAR@TB 10/13/2019 09:30AM ET,CAR,0
WR,Ray-Ray McCloud (13534291),Ray-Ray McCloud,13534291,WR/FLEX,3000,CAR@TB 10/13/2019 09:30AM ET,CAR,0
WR,Bobo Wilson (13534293),Bobo Wilson,13534293,WR/FLEX,3000,CAR@TB 10/13/2019 09:30AM ET,TB,0.9
WR,Scotty Miller (13534295),Scotty Miller,13534295,WR/FLEX,3000,CAR@TB 10/13/2019 09:30AM ET,TB,0.6
WR,Justin Watson (13534297),Justin Watson,13534297,WR/FLEX,3000,CAR@TB 10/13/2019 09:30AM ET,TB,0.46
RB,Patrick Ricard (13533959),Patrick Ricard,13533959,RB/FLEX,3000,CIN@BAL 10/13/2019 01:00PM ET,BAL,1.68
RB,Trayveon Williams (13533961),Trayveon Williams,13533961,RB/FLEX,3000,CIN@BAL 10/13/2019 01:00PM ET,CIN,0
WR,Seth Roberts (13534283),Seth Roberts,13534283,WR/FLEX,3000,CIN@BAL 10/13/2019 01:00PM ET,BAL,3.06
WR,Jaleel Scott (13534285),Jaleel Scott,13534285,WR/FLEX,3000,CIN@BAL 10/13/2019 01:00PM ET,BAL,0
WR,Damion Willis (13534287),Damion Willis,13534287,WR/FLEX,3000,CIN@BAL 10/13/2019 01:00PM ET,CIN,3.44
RB,Travis Homer (13533951),Travis Homer,13533951,RB/FLEX,3000,SEA@CLE 10/13/2019 01:00PM ET,SEA,0
RB,Nick Bellore (13533953),Nick Bellore,13533953,RB/FLEX,3000,SEA@CLE 10/13/2019 01:00PM ET,SEA,0
RB,D'Ernest Johnson (13533955),D'Ernest Johnson,13533955,RB/FLEX,3000,SEA@CLE 10/13/2019 01:00PM ET,CLE,3.04
RB,Kareem Hunt (13533957),Kareem Hunt,13533957,RB/FLEX,3000,SEA@CLE 10/13/2019 01:00PM ET,CLE,0
WR,John Ursua (13534275),John Ursua,13534275,WR/FLEX,3000,SEA@CLE 10/13/2019 01:00PM ET,SEA,0
WR,Gary Jennings (13534277),Gary Jennings,13534277,WR/FLEX,3000,SEA@CLE 10/13/2019 01:00PM ET,SEA,0
WR,Taywan Taylor (13534279),Taywan Taylor,13534279,WR/FLEX,3000,SEA@CLE 10/13/2019 01:00PM ET,CLE,0
WR,KhaDarel Hodge (13534281),KhaDarel Hodge,13534281,WR/FLEX,3000,SEA@CLE 10/13/2019 01:00PM ET,CLE,0
RB,Tyler Ervin (13533941),Tyler Ervin,13533941,RB/FLEX,3000,NO@JAX 10/13/2019 01:00PM ET,JAX,0
RB,Devine Ozigbo (13533943),Devine Ozigbo,13533943,RB/FLEX,3000,NO@JAX 10/13/2019 01:00PM ET,JAX,0
RB,Roc Thomas (13533945),Roc Thomas,13533945,RB/FLEX,3000,NO@JAX 10/13/2019 01:00PM ET,JAX,0
RB,Dwayne Washington (13533947),Dwayne Washington,13533947,RB/FLEX,3000,NO@JAX 10/13/2019 01:00PM ET,NO,0
RB,Zach Line (13533949),Zach Line,13533949,RB/FLEX,3000,NO@JAX 10/13/2019 01:00PM ET,NO,0.26
WR,C.J. Board (13534271),C.J. Board,13534271,WR/FLEX,3000,NO@JAX 10/13/2019 01:00PM ET,JAX,0
WR,Austin Carr (13534273),Austin Carr,13534273,WR/FLEX,3000,NO@JAX 10/13/2019 01:00PM ET,NO,0
RB,Anthony Sherman (13533933),Anthony Sherman,13533933,RB/FLEX,3000,HOU@KC 10/13/2019 01:00PM ET,KC,0.54
RB,Taiwan Jones (13533935),Taiwan Jones,13533935,RB/FLEX,3000,HOU@KC 10/13/2019 01:00PM ET,HOU,0
RB,Buddy Howell (13533937),Buddy Howell,13533937,RB/FLEX,3000,HOU@KC 10/13/2019 01:00PM ET,HOU,0
RB,Cullen Gillaspia (13533939),Cullen Gillaspia,13533939,RB/FLEX,3000,HOU@KC 10/13/2019 01:00PM ET,HOU,0
WR,De'Anthony Thomas (13534269),De'Anthony Thomas,13534269,WR/FLEX,3000,HOU@KC 10/13/2019 01:00PM ET,KC,0.4
RB,Mark Walton (13533925),Mark Walton,13533925,RB/FLEX,3000,WAS@MIA 10/13/2019 01:00PM ET,MIA,3.07
RB,Chandler Cox (13533927),Chandler Cox,13533927,RB/FLEX,3000,WAS@MIA 10/13/2019 01:00PM ET,MIA,0
RB,Patrick Laird (13533929),Patrick Laird,13533929,RB/FLEX,3000,WAS@MIA 10/13/2019 01:00PM ET,MIA,0
RB,Myles Gaskin (13533931),Myles Gaskin,13533931,RB/FLEX,3000,WAS@MIA 10/13/2019 01:00PM ET,MIA,0
WR,Kelvin Harmon (13534267),Kelvin Harmon,13534267,WR/FLEX,3000,WAS@MIA 10/13/2019 01:00PM ET,WAS,1.98
RB,Ameer Abdullah (13533919),Ameer Abdullah,13533919,RB/FLEX,3000,PHI@MIN 10/13/2019 01:00PM ET,MIN,1.36
RB,Mike Boone (13533921),Mike Boone,13533921,RB/FLEX,3000,PHI@MIN 10/13/2019 01:00PM ET,MIN,0.56
RB,C.J. Ham (13533923),C.J. Ham,13533923,RB/FLEX,3000,PHI@MIN 10/13/2019 01:00PM ET,MIN,1.18
WR,Olabisi Johnson (13534263),Olabisi Johnson,13534263,WR/FLEX,3000,PHI@MIN 10/13/2019 01:00PM ET,MIN,3.16
WR,Laquon Treadwell (13534265),Laquon Treadwell,13534265,WR/FLEX,3000,PHI@MIN 10/13/2019 01:00PM ET,MIN,0
TE,Kyle Rudolph (13534367),Kyle Rudolph,13534367,TE/FLEX,3000,PHI@MIN 10/13/2019 01:00PM ET,MIN,1.92
TE,Irv Smith Jr. (13534369),Irv Smith Jr.,13534369,TE/FLEX,3000,PHI@MIN 10/13/2019 01:00PM ET,MIN,2.28
DST,Eagles  (13534516),Eagles ,13534516,DST,3000,PHI@MIN 10/13/2019 01:00PM ET,PHI,10
RB,D.J. Foster (13533911),D.J. Foster,13533911,RB/FLEX,3000,ATL@ARI 10/13/2019 04:05PM ET,ARI,0
RB,Kenjon Barner (13533913),Kenjon Barner,13533913,RB/FLEX,3000,ATL@ARI 10/13/2019 04:05PM ET,ATL,0.47
RB,Brian Hill (13533915),Brian Hill,13533915,RB/FLEX,3000,ATL@ARI 10/13/2019 04:05PM ET,ATL,0
RB,Keith Smith (13533917),Keith Smith,13533917,RB/FLEX,3000,ATL@ARI 10/13/2019 04:05PM ET,ATL,0
WR,Trent Sherfield (13534255),Trent Sherfield,13534255,WR/FLEX,3000,ATL@ARI 10/13/2019 04:05PM ET,ARI,1.16
WR,Justin Hardy (13534257),Justin Hardy,13534257,WR/FLEX,3000,ATL@ARI 10/13/2019 04:05PM ET,ATL,2.24
WR,Russell Gage (13534259),Russell Gage,13534259,WR/FLEX,3000,ATL@ARI 10/13/2019 04:05PM ET,ATL,0.88
WR,Olamide Zaccheaus (13534261),Olamide Zaccheaus,13534261,WR/FLEX,3000,ATL@ARI 10/13/2019 04:05PM ET,ATL,0
RB,Kyle Juszczyk (13533909),Kyle Juszczyk,13533909,RB/FLEX,3000,SF@LAR 10/13/2019 04:05PM ET,SF,3.55
WR,Richie James Jr. (13534245),Richie James Jr.,13534245,WR/FLEX,3000,SF@LAR 10/13/2019 04:05PM ET,SF,3.95
WR,Kendrick Bourne (13534247),Kendrick Bourne,13534247,WR/FLEX,3000,SF@LAR 10/13/2019 04:05PM ET,SF,2.72
WR,JoJo Natson (13534249),JoJo Natson,13534249,WR/FLEX,3000,SF@LAR 10/13/2019 04:05PM ET,LAR,0
WR,Mike Thomas (13534251),Mike Thomas,13534251,WR/FLEX,3000,SF@LAR 10/13/2019 04:05PM ET,LAR,0
WR,Nsimba Webster (13534253),Nsimba Webster,13534253,WR/FLEX,3000,SF@LAR 10/13/2019 04:05PM ET,LAR,0
TE,Tyler Higbee (13534365),Tyler Higbee,13534365,TE/FLEX,3000,SF@LAR 10/13/2019 04:05PM ET,LAR,7.98
WR,Darius Jennings (13534239),Darius Jennings,13534239,WR/FLEX,3000,TEN@DEN 10/13/2019 04:25PM ET,TEN,0.74
WR,Diontae Spencer (13534241),Diontae Spencer,13534241,WR/FLEX,3000,TEN@DEN 10/13/2019 04:25PM ET,DEN,0.54
WR,Juwann Winfree (13534243),Juwann Winfree,13534243,WR/FLEX,3000,TEN@DEN 10/13/2019 04:25PM ET,DEN,0
WR,Braxton Berrios (13534233),Braxton Berrios,13534233,WR/FLEX,3000,DAL@NYJ 10/13/2019 04:25PM ET,NYJ,1.22
WR,Tavon Austin (13534235),Tavon Austin,13534235,WR/FLEX,3000,DAL@NYJ 10/13/2019 04:25PM ET,DAL,2.43
WR,Cedrick Wilson (13534237),Cedrick Wilson,13534237,WR/FLEX,3000,DAL@NYJ 10/13/2019 04:25PM ET,DAL,0
RB,Derek Watt (13533905),Derek Watt,13533905,RB/FLEX,3000,PIT@LAC 10/13/2019 08:20PM ET,LAC,1.3
RB,Roosevelt Nix (13533907),Roosevelt Nix,13533907,RB/FLEX,3000,PIT@LAC 10/13/2019 08:20PM ET,PIT,0
WR,Travis Benjamin (13534229),Travis Benjamin,13534229,WR/FLEX,3000,PIT@LAC 10/13/2019 08:20PM ET,LAC,2
WR,Johnny Holton (13534231),Johnny Holton,13534231,WR/FLEX,3000,PIT@LAC 10/13/2019 08:20PM ET,PIT,0.26
RB,Danny Vitale (13533897),Danny Vitale,13533897,RB/FLEX,3000,DET@GB 10/14/2019 08:15PM ET,GB,1.88
RB,Ty Johnson (13533899),Ty Johnson,13533899,RB/FLEX,3000,DET@GB 10/14/2019 08:15PM ET,DET,2.52
RB,J.D. McKissic (13533901),J.D. McKissic,13533901,RB/FLEX,3000,DET@GB 10/14/2019 08:15PM ET,DET,3.52
RB,Nick Bawden (13533903),Nick Bawden,13533903,RB/FLEX,3000,DET@GB 10/14/2019 08:15PM ET,DET,1.1
WR,Allen Lazard (13534227),Allen Lazard,13534227,WR/FLEX,3000,DET@GB 10/14/2019 08:15PM ET,GB,0
TE,Matt LaCosse (13534381),Matt LaCosse,13534381,TE/FLEX,2900,NYG@NE 10/10/2019 08:20PM ET,NE,2.83
TE,Geoff Swaim (13534379),Geoff Swaim,13534379,TE/FLEX,2900,NO@JAX 10/13/2019 01:00PM ET,JAX,3.6
TE,Jerome Cunningham (13534377),Jerome Cunningham,13534377,TE/FLEX,2900,WAS@MIA 10/13/2019 01:00PM ET,WAS,0
TE,Dallas Goedert (13534375),Dallas Goedert,13534375,TE/FLEX,2900,PHI@MIN 10/13/2019 01:00PM ET,PHI,3.82
TE,Noah Fant (13534373),Noah Fant,13534373,TE/FLEX,2900,TEN@DEN 10/13/2019 04:25PM ET,DEN,6.02
DST,Titans  (13534517),Titans ,13534517,DST,2900,TEN@DEN 10/13/2019 04:25PM ET,TEN,10
TE,Nick Vannett (13534371),Nick Vannett,13534371,TE/FLEX,2900,PIT@LAC 10/13/2019 08:20PM ET,PIT,2.52
TE,Ryan Izzo (13534395),Ryan Izzo,13534395,TE/FLEX,2800,NYG@NE 10/10/2019 08:20PM ET,NE,3.66
TE,Cameron Brate (13534393),Cameron Brate,13534393,TE/FLEX,2800,CAR@TB 10/13/2019 09:30AM ET,TB,4.64
TE,Nick Boyle (13534391),Nick Boyle,13534391,TE/FLEX,2800,CIN@BAL 10/13/2019 01:00PM ET,BAL,3.94
TE,Luke Willson (13534389),Luke Willson,13534389,TE/FLEX,2800,SEA@CLE 10/13/2019 01:00PM ET,SEA,3.3
DST,Browns  (13534518),Browns ,13534518,DST,2800,SEA@CLE 10/13/2019 01:00PM ET,CLE,7
TE,Josh Oliver (13534387),Josh Oliver,13534387,TE/FLEX,2800,NO@JAX 10/13/2019 01:00PM ET,JAX,0
TE,Jonnu Smith (13534385),Jonnu Smith,13534385,TE/FLEX,2800,TEN@DEN 10/13/2019 04:25PM ET,TEN,2.98
TE,Lance Kendricks (13534383),Lance Kendricks,13534383,TE/FLEX,2800,PIT@LAC 10/13/2019 08:20PM ET,LAC,2.67
TE,Ian Thomas (13534405),Ian Thomas,13534405,TE/FLEX,2700,CAR@TB 10/13/2019 09:30AM ET,CAR,0
TE,Mike Gesicki (13534401),Mike Gesicki,13534401,TE/FLEX,2700,WAS@MIA 10/13/2019 01:00PM ET,MIA,2.78
TE,Durham Smythe (13534403),Durham Smythe,13534403,TE/FLEX,2700,WAS@MIA 10/13/2019 01:00PM ET,MIA,0.85
DST,Dolphins  (13534520),Dolphins ,13534520,DST,2700,WAS@MIA 10/13/2019 01:00PM ET,MIA,0.5
TE,Charles Clay (13534399),Charles Clay,13534399,TE/FLEX,2700,ATL@ARI 10/13/2019 04:05PM ET,ARI,2
DST,49ers  (13534519),49ers ,13534519,DST,2700,SF@LAR 10/13/2019 04:05PM ET,SF,15
TE,Virgil Green (13534397),Virgil Green,13534397,TE/FLEX,2700,PIT@LAC 10/13/2019 08:20PM ET,LAC,1.2
DST,Steelers  (13534521),Steelers ,13534521,DST,2700,PIT@LAC 10/13/2019 08:20PM ET,PIT,9.6
TE,Jesse James (13534407),Jesse James,13534407,TE/FLEX,2700,DET@GB 10/14/2019 08:15PM ET,DET,2.4
TE,Rhett Ellison (13534425),Rhett Ellison,13534425,TE/FLEX,2600,NYG@NE 10/10/2019 08:20PM ET,NYG,2.32
TE,Kaden Smith (13534427),Kaden Smith,13534427,TE/FLEX,2600,NYG@NE 10/10/2019 08:20PM ET,NYG,0
TE,C.J. Uzomah (13534423),C.J. Uzomah,13534423,TE/FLEX,2600,CIN@BAL 10/13/2019 01:00PM ET,CIN,2.84
TE,Josh Hill (13534421),Josh Hill,13534421,TE/FLEX,2600,NO@JAX 10/13/2019 01:00PM ET,NO,3
TE,Jeremy Sprinkle (13534419),Jeremy Sprinkle,13534419,TE/FLEX,2600,WAS@MIA 10/13/2019 01:00PM ET,WAS,2.9
DST,Vikings  (13534522),Vikings ,13534522,DST,2600,PHI@MIN 10/13/2019 01:00PM ET,MIN,8.6
TE,Darrell Daniels (13534417),Darrell Daniels,13534417,TE/FLEX,2600,ATL@ARI 10/13/2019 04:05PM ET,ARI,0
TE,Jeff Heuerman (13534415),Jeff Heuerman,13534415,TE/FLEX,2600,TEN@DEN 10/13/2019 04:25PM ET,DEN,2.74
TE,Stephen Anderson (13534411),Stephen Anderson,13534411,TE/FLEX,2600,PIT@LAC 10/13/2019 08:20PM ET,LAC,0
TE,Xavier Grimble (13534413),Xavier Grimble,13534413,TE/FLEX,2600,PIT@LAC 10/13/2019 08:20PM ET,PIT,0.43
TE,Marcedes Lewis (13534409),Marcedes Lewis,13534409,TE/FLEX,2600,DET@GB 10/14/2019 08:15PM ET,GB,2.78
TE,Garrett Dickerson (13534503),Garrett Dickerson,13534503,TE/FLEX,2500,NYG@NE 10/10/2019 08:20PM ET,NYG,0
TE,Chris Manhertz (13534497),Chris Manhertz,13534497,TE/FLEX,2500,CAR@TB 10/13/2019 09:30AM ET,CAR,0
TE,Antony Auclair (13534499),Antony Auclair,13534499,TE/FLEX,2500,CAR@TB 10/13/2019 09:30AM ET,TB,0
TE,Tanner Hudson (13534501),Tanner Hudson,13534501,TE/FLEX,2500,CAR@TB 10/13/2019 09:30AM ET,TB,0
DST,Buccaneers  (13534524),Buccaneers ,13534524,DST,2500,CAR@TB 10/13/2019 09:30AM ET,TB,9
TE,Drew Sample (13534491),Drew Sample,13534491,TE/FLEX,2500,CIN@BAL 10/13/2019 01:00PM ET,CIN,0.9
TE,Cethan Carter (13534493),Cethan Carter,13534493,TE/FLEX,2500,CIN@BAL 10/13/2019 01:00PM ET,CIN,0
TE,Clark Harris (13534495),Clark Harris,13534495,TE/FLEX,2500,CIN@BAL 10/13/2019 01:00PM ET,CIN,0
TE,Tyler Ott (13534483),Tyler Ott,13534483,TE/FLEX,2500,SEA@CLE 10/13/2019 01:00PM ET,SEA,0
TE,Demetrius Harris (13534485),Demetrius Harris,13534485,TE/FLEX,2500,SEA@CLE 10/13/2019 01:00PM ET,CLE,1.92
TE,Pharaoh Brown (13534487),Pharaoh Brown,13534487,TE/FLEX,2500,SEA@CLE 10/13/2019 01:00PM ET,CLE,0.56
TE,Rico Gathers (13534489),Rico Gathers,13534489,TE/FLEX,2500,SEA@CLE 10/13/2019 01:00PM ET,CLE,0
TE,Seth DeValve (13534479),Seth DeValve,13534479,TE/FLEX,2500,NO@JAX 10/13/2019 01:00PM ET,JAX,0
TE,Matt Orzech (13534481),Matt Orzech,13534481,TE/FLEX,2500,NO@JAX 10/13/2019 01:00PM ET,JAX,0
TE,Blake Bell (13534471),Blake Bell,13534471,TE/FLEX,2500,HOU@KC 10/13/2019 01:00PM ET,KC,0.56
TE,Deon Yelder (13534473),Deon Yelder,13534473,TE/FLEX,2500,HOU@KC 10/13/2019 01:00PM ET,KC,2.1
TE,James Winchester (13534475),James Winchester,13534475,TE/FLEX,2500,HOU@KC 10/13/2019 01:00PM ET,KC,0
TE,Logan Paulsen (13534477),Logan Paulsen,13534477,TE/FLEX,2500,HOU@KC 10/13/2019 01:00PM ET,HOU,0
DST,Chiefs  (13534523),Chiefs ,13534523,DST,2500,HOU@KC 10/13/2019 01:00PM ET,KC,6.8
TE,Nick O'Leary (13534469),Nick O'Leary,13534469,TE/FLEX,2500,WAS@MIA 10/13/2019 01:00PM ET,MIA,1.6
TE,Tyler Conklin (13534467),Tyler Conklin,13534467,TE/FLEX,2500,PHI@MIN 10/13/2019 01:00PM ET,MIN,0
TE,Maxx Williams (13534461),Maxx Williams,13534461,TE/FLEX,2500,ATL@ARI 10/13/2019 04:05PM ET,ARI,2.08
TE,Luke Stocker (13534463),Luke Stocker,13534463,TE/FLEX,2500,ATL@ARI 10/13/2019 04:05PM ET,ATL,1.12
TE,Jaeden Graham (13534465),Jaeden Graham,13534465,TE/FLEX,2500,ATL@ARI 10/13/2019 04:05PM ET,ATL,0
TE,Levine Toilolo (13534453),Levine Toilolo,13534453,TE/FLEX,2500,SF@LAR 10/13/2019 04:05PM ET,SF,0
TE,Ross Dwelley (13534455),Ross Dwelley,13534455,TE/FLEX,2500,SF@LAR 10/13/2019 04:05PM ET,SF,0.42
TE,Garrison Sanborn (13534457),Garrison Sanborn,13534457,TE/FLEX,2500,SF@LAR 10/13/2019 04:05PM ET,SF,0
TE,Johnny Mundt (13534459),Johnny Mundt,13534459,TE/FLEX,2500,SF@LAR 10/13/2019 04:05PM ET,LAR,0
TE,MyCole Pruitt (13534443),MyCole Pruitt,13534443,TE/FLEX,2500,TEN@DEN 10/13/2019 04:25PM ET,TEN,0
TE,Anthony Firkser (13534445),Anthony Firkser,13534445,TE/FLEX,2500,TEN@DEN 10/13/2019 04:25PM ET,TEN,0
TE,Beau Brinkley (13534447),Beau Brinkley,13534447,TE/FLEX,2500,TEN@DEN 10/13/2019 04:25PM ET,TEN,0
TE,Troy Fumagalli (13534449),Troy Fumagalli,13534449,TE/FLEX,2500,TEN@DEN 10/13/2019 04:25PM ET,DEN,0.57
TE,Andrew Beck (13534451),Andrew Beck,13534451,TE/FLEX,2500,TEN@DEN 10/13/2019 04:25PM ET,DEN,0.4
TE,Ryan Griffin (13534435),Ryan Griffin,13534435,TE/FLEX,2500,DAL@NYJ 10/13/2019 04:25PM ET,NYJ,1.68
TE,Daniel Brown (13534437),Daniel Brown,13534437,TE/FLEX,2500,DAL@NYJ 10/13/2019 04:25PM ET,NYJ,0
TE,Trevon Wesco (13534439),Trevon Wesco,13534439,TE/FLEX,2500,DAL@NYJ 10/13/2019 04:25PM ET,NYJ,0
TE,Dalton Schultz (13534441),Dalton Schultz,13534441,TE/FLEX,2500,DAL@NYJ 10/13/2019 04:25PM ET,DAL,0
TE,Zach Gentry (13534433),Zach Gentry,13534433,TE/FLEX,2500,PIT@LAC 10/13/2019 08:20PM ET,PIT,0
TE,Robert Tonyan (13534429),Robert Tonyan,13534429,TE/FLEX,2500,DET@GB 10/14/2019 08:15PM ET,GB,2.12
TE,Logan Thomas (13534431),Logan Thomas,13534431,TE/FLEX,2500,DET@GB 10/14/2019 08:15PM ET,DET,2.42
DST,Falcons  (13534525),Falcons ,13534525,DST,2300,ATL@ARI 10/13/2019 04:05PM ET,ATL,1.8
DST,Jaguars  (13534526),Jaguars ,13534526,DST,2200,NO@JAX 10/13/2019 01:00PM ET,JAX,5
DST,Giants  (13534528),Giants ,13534528,DST,2100,NYG@NE 10/10/2019 08:20PM ET,NYG,6.8
DST,Texans  (13534527),Texans ,13534527,DST,2100,HOU@KC 10/13/2019 01:00PM ET,HOU,7.8
DST,Lions  (13534529),Lions ,13534529,DST,2000,DET@GB 10/14/2019 08:15PM ET,DET,8.5
DST,Cardinals  (13534530),Cardinals ,13534530,DST,1900,ATL@ARI 10/13/2019 04:05PM ET,ARI,2.8
DST,Bengals  (13534531),Bengals ,13534531,DST,1700,CIN@BAL 10/13/2019 01:00PM ET,CIN,2.4
DST,Jets  (13534532),Jets ,13534532,DST,1500,DAL@NYJ 10/13/2019 04:25PM ET,NYJ,10.75
